target,text
0,"@ahg3 @MichDot Yeah, slime was actually my second choice, can't say what the first one was. Okay, we're rolling..."
0,Preparing to have a heart attack #tweetdebate
0,Introducing McCain and Obama. Wait...McCain SHOWED UP! Wow...guess the crisis in Washington is over? #tweetdebate
0,McCain just gave a cheap plug to Ed Kennedy -1 #tweetdebate #current
0,McCain -2 for not knowing Kennedy is home and watching the debate  #tweetdebate
0,#tweetdebate McCain starts awkwardly
0,McCain is talking about bipartisan negotiation? Uh...no... -1 pt. #tweetdebate #current
0,@current McCain looks so tired!! wayyyy past his bedtime #current
0,"dear john, they were sitting down till you came and stirred up a hornets' nest. pulease -4 #tweetdebate"
0,@andrewa121 He looks and sounds pretty tired.
0,McCain -2 for a totally muddled answer on what the republicans are doing #tweetdebate
0,McCain -2 gving credit to house republicans #tweetdebate
0,-1 McCain all over the place in his answer #tweetdebate
0,"Nice, McLame divides...Republicans uniquely came to fix it. Um, ok. #tweetdebate"
0,"if ur oldest candidate in history, why start with ""i'm not feeling great"" .. makes u thing ""you're not looking great either #tweetdebate"
0,Obama -1 for answering a different question #tweetdebate
0,McCain -1 improper analogy #tweetdebate
0,Obama -1 for not understanding economic regulation in America. #tweetdebate
0,"#tweetdebate -1 McCain ""we saw these problems coming"" I thought the economy was fundamentally sound"
0,how annoying are these animations on #Current TV.. reverting to old fashion MSNBC.. #tweetdebate
0,"@current #current How can you say ""I hope so"" when you are asked the question of voting for something? You should know what yer view is!"
0,McCain -1 for wearing a tie that makes my eyes sore. #tweetdebate
0,McCain -1 for a total non-answer #tweetdebate
0,"Fundamentally, if McCain fundamentally uses ""fundamental"" one more time, I'm gonna go nuts. #tweetdebate"
0,"#tweetdebate and when, just when are the questions going to be answered instead of campaigning talk?"
0,"#tweetdebate -1 Mccain for not answering the question and saying ""the wall street""   between the eyeblinking +hesitation he looks weird"
0,McCain likes the bears in Montana joke too much #tweetdebate #current
0,mccain -1 answer the question!  #tweetdebate
0,-1 McCain flag waving pandering about American workers #tweetdebate
0,-2 McCain for stringing too many colloquialisms together and post-Reaganomics sensationalism #tweetdebate
0,McCain -3 for personal attack #tweetdebate
0,mccain -1 for bringing up stupid bear study AGAIN #tweetdebate
0,Earmark spending has tripled over the last 5 years. Hasn't it been a Republican Administration for the last 7? #obamashot #tweetdebate
0,"it's like you can see Obama trying to remember all the ""talking points"" and get his slogans out there #tweetdebate"
0,"-1 McCain #tweetdebate ""I didn't win Miss Congeniality"" but his VP did!"
0,#current #tweetdebate #mccainshot Stop interrupting Obama McCain was just about to say my friends
0,McCain -1 for failing to address the keystone tax cut issue #tweetdebate
0,McCain's laugh sounds like Bush's!!  SCARYY!!  #tweetdebate
0,#tweetdebate they won't even make eye contact. no one is responding directly
0,McCain cant even look at him..he must have gas! #tweetdebate
0,#tweetdebate -1 Obama for not answering earmark claim by McCain
0,McCain -1 for failing (again) to heed the moderator's instructions #tweetdebate
0,"Because I don't have an HDTV, McCain's moire-effect tie is giving me a skull-crushing headache #tweetdebate"
0,Mccain -1 for looking down and grinning #tweetdebate
0,#tweetdebate -3 McCain untasty comment about Obama not knowing about household income and wealth
0,-1 McCain for breaking the debate rules. #tweetdebate
0,Health care costs and social spending sounds like chump change compared with Corporate Welfare. #current #tweetdebate #debate08
0,-3 McCain for taling in circles. I don't understand what he is saying. #tweetdebate
0,"How long until McCain notes the amount of times Obama voted ""Present"" rather than Yea or Nay? #tweetdebate"
0,@current #current Obama is stuttering too much. Sounds like Porky Big
0,Financial rescue?  More like financial bailout!  #tweetdebate
0,-1 Obama for too many disclaimers re: potential economic recovery plan #tweetdebate
0,"@current Healthcare is a financial killer in our capitalist society, oh the irony.  #current"
0,-1 to Obama for leaving out conservation in the list of things that will free us from foreign oil #tweetdebate
0,"ok, obama, people are glazing.  #tweetdebate"
0,McCain -3 another personal attack  #tweetdebate
0,"-3 McCain Personal attack, it is hard to reach across the aisle when one is that far to the left. #tweetdebate"
0,-2 McCain for redundancy #tweetdebate
0,@current #current How in this day and age can you deny help to anyone who wants to produce alternative fuel -4 McCain
0,McCain -1 for false claims on Obama's voting record. #tweetdebate
0,"#tweetdebate defence contract inefficiency in contracts not the problem, a symptom, warring foreign policy is the REAL problem"
0,"Unfortunately, Obama didn't answer the question of what would he cut...#debate08 #tweetdebate"
0,-3 pts simply because McCain said he's against ethanol subsidies. boo...#tweetdebate
0,McCain -2 for false statement Obama does not have the most liberal record  #tweetdebate
0,McCain -2 for bringing federal prison into every question; is he thinking he's lucky not to be there himself? think Keating #tweetdebate
0,"#tweetdebate hahahah...""wildly liberal"" is just me opposing bush's wrongheaded policies"
0,-1 Obama not answering question about specific cuts #tweetdebate
0,Mccain -1 what? spending freeze ??? unclear at all #tweetdebate
0,Obama- I wanna keep spending money--his Early Childhood education is full of crap. #current #tweetdebate
0,"@current Damn, McCain just had to play the terrorist card. #current"
0,-1 McCain's off topic on counterpoint about spending cuts    #tweetdebate
0,"McCain really shouldn't think off the cuff, he'll paint himself into a corner very quickly  #tweetdebate #current"
0,McCain -1 for a stunt. Spending freeze is classical BS #tweetdebate
0,What the heck is the line graph at the bottom of CNN's screen? Looks like my pulse! #tweetdebate
0,Yes Obama I want to hear more about your superiority  #current #tweetdebate
0,McCain -2 Nuclear power is limited too dude! By 2050 we are out of Uranium! And your power plant is done in 2030 #tweetdebate
0,Roosevelt again. shit. he needs to throw down  #tweetdebate
0,lehrer constantly rephrasing questions - mccain rambles too much to cover his talking points. -1 mccain #tweetdebate
0,"-1 pt for Jim Leher for asking a stupid question: ""will the economic failure change the way you rule as president?"" uh...YEAH. #tweetdebate"
0,"#tweetdebate -Google for government-uh, did anyone vote against that?  Voice votes on slam dunk legislation isn't a record of accomplishment"
0,McCain -3 for total nonsense #tweetdebate
0,Obama - spending on healthcare--he couldn't admit that this spending must stop!   #current #tweetdebate
0,-1 McCain for not having a clue how many people can't afford a doctor at all #tweetdebate
0,McCain -1 for evading question on what to cut #tweetdebate
0,-1 mccain for promoting nukes and not talking about storage of spent fuel #tweetdebate
0,"#tweetdebate McCain -2 broken record ""cut spending"". Big ""duh""..."
0,@usermac if McCain is a cool beverage it's a plastic tumbler of prune juice.  So unpleasant and cramp inducing.
0,@current #current Spending got out of control under REPUBLICAN presidency.
0,McCain -3 for another complete mischaracterization of reality (debt to china is utterly irrelevant) #tweetdebate
0,"Obama -3 for getting ""Jim"" err ""John's"" name wrong, and not addressing him as ""senator"" lack of respect #tweetdebate"
0,"""This orgy of spending....and you voted for his budgets"" #tweetdebate"
0,"#tweetdebate Sen O: YOU voted for Bush' budgets. Stand here and say that when it hasn't happened over last 8 hears, it's hard to swallow."
0,probably...eventually.... c'mon McCain grow a pair #tweetdebate
0,He was voted Miss Bitch  #tweetdebate
0,"I guess McCain only spends money on shoes, make up and houses  #tweetdebate"
0,#tweetdebate Over-used phrase of the night: Miss Congeniality. Wonder how that plays overseas?
0,"#tweetdebate soooo tired of hearing ""i have not been electd miss congeniality."
0,McCain -1 for reuse of Miss Congeniality reference #tweetdebate
0,@current #current If McCain would definitely make a very ugly Ms. Congeniality. Its a lousy cliche to keep throwing out though.
0,-2 McCain for saying Miss Congeniality twice so far. #tweetdebate
0,McCain -2 for saying 'were winning in iraq' i'm pretty sure that's not true #tweetdebate
0,McCain -2 for not answering the question #tweetdebate
0,"macain -1 on where he stands on the $700B bailout, he didn't tell us HOW #tweetdebate"
0,"@current It's either some ""epic battle against the terrorists"" or ""hey, look, it's broken ya'll"".  #current"
0,McCain -3 personal attack (what? without evidence huh? what hearing #tweetdebate
0,Wow whoever created McCain's talking points was really reaching... #tweetdebate #current #debate08
0,SURGE....tired of that term.  We're still there; we're still losing people (maybe more due to the surge?) #tweetdebate #debate08 #current
0,Obama gives strong kudos to Biden ... is McCain going to applaud his selection of the Palin creature? #current #tweetdebate #debate08
0,McCain -1 for a false statement about Obama commitee responsibilities #tweetdebate
0,"-3 Mccain for a backhanded comment (""Obama doesn't understand the tactic and the strategy"") #tweetdebate"
0,"FACT Soldiers are not reenlisting now buddy! And they are not voting for you! #current, #debate08, #tweetdebate"
0,McCain -2 for triggering patriotism all the time #tweetdebate
0,"McCain: ""selecting Palin to win the election is a tactic, dying and making her President is a strategy."" # Current #debate08 #tweetdebate"
0,Yes. Let's cut spending for everything EXCEPT our defensive contracts. Are you fucking kidding me? #tweetdebate
0,Facebook Blunt Jackson McCain -3 for total falsehoods and personal attacks #tweetdebate. http://tinyurl.com/43v3kc
0,-1 mccain wtf is he talking about in Afghanistan? Ramble on old man #tweetdebate
0,"@current  Oh, that brings up a good question.  How the hell can we afford wars that don't matter when we're broke?  #current"
0,McCain but those freedom fighters were alquaeda -2 #tweetdebate
0,McCain -2 for mischaracterizing Obama on Pakistan #tweetdebate
0,"""You dont say things out loud!?"" Core problem as Republican's #tweetdebate"
0,Yep I agree I think that MCCAIN is twisting facts and making lies up about shit. #tweetdebate
0,McCain is treating him like the man-child he is.  Obama needs to stop being so congenial if he wants to win. #current #tweetdebate #debate08
0,Obama -3 for repeating his Pakistan threads again! #tweetdebate
0,@current TAKE OUT BIN LADIN YOU LIL BASTARDS!!! #current
0,Obama -1 ok.. you got the leader of N.Korea's name wrong re: pronunciation - need to practice #tweetdebate
0,#tweetdebate -2 for Obama for saying McCain is right too much
0,"Ooh, bomb iran remark hurt! # Current #debate08 #tweetdebate"
0,@current  You're welcome to be free!...as long as you're under our control...  So how's your mom?  #current
0,"mccain -1 for saying Obama doesn't understand this or that, he is being too condescending #tweetdebate"
0,why do I all of sudden don't care about Mccain's record? #current #tweetdebate
0,McCai -3 for telling shitty bracelet story. Don't waste my time John! #tweetdebate
0,Obama needs to explain anti-democratic comment (i.e. letting Musharraf take over after coup - average American not understand) #tweetdebate
0,#tweetdebate McCain -3 for pulling out all the stops on war vets when we know he supported the cutting of the VET benefits
0,McCain has stopped debating and resumed his campaigning. #tweetdebate
0,"The easiest way to put ""our young men and women into harm's way"" is to vote Republican. #tweetdebate"
0,McCain pissing me off about Iraq war bracelet! I wear my Uncle's from VietNam (hes on the last known alive list) what about HIM #tweetdebate
0,-1 McCain for telling heartstring pulling stories that don't make a point #tweetdebate
0,Obama -2 for copying cheap shot #tweetdebate
0,I've got a bracelet too. UGHHH ME TOO! ME TOO!!!  Who is actually WEARING it?  #tweetdebate
0,Obama -3 for more bracelet shit #tweetdebate
0,"@current  Define defeat.  Oh, you mean like your economy collapsing from within like...because of a terrorist organization?  #current"
0,#debate08 #current #tweetdebate Obama needs to stop stuttering
0,@BrianMcAlister You don't say that out loud
0,"It's a DEBATE, not story time! #tweetdebate #current #momocrats"
0,Both of them -3 for sounding like every other candidate we've ever elected #tweetdebate
0,-1 obama ouch on bracelet remark #tweetdebate
0,"christ, if I could vote I'm not sure I would want to vote for either O or M based on this #current #tweetdebate #debate08"
0,progress in debates. we've moved on from lapel pins to bracelets. #tweetdebate
0,i am not persuaded by this idea about relocating the war. #current #tweetdebate
0,"It must be really weird debating someone who will not look at you. Look at him, John!  #tweetdebate"
0,McCain -1 John we know you were in Iraq and Afghanistan and probably had good dinner there #tweetdebate
0,McCain -3 for holocaust reference. What's happening in Dafur? #tweetdebate
0,I think Republicans learn a different math... #tweetdebate
0,-3 McCain-fearmongering: who said anything about a 2nd holocaust? #tweetdebate
0,blinky's back! (aka McCain) #tweetdebate #current
0,McCain's gaffe: Iran has a lousy government. That's some good int'l diplomacy! #tweetdebate
0,"#tweetdebate McCain: ""Iranians have a lousy economy."" Kinda like...us! Speaking of the economy... Why aren't they talking more about it?"
0,-5 McCain: you're missing the lead questions and walking on way too many tangents... #tweetdebate #debate08
0,I cant believe McCain is talking about Iran's threat now. Lets get Iraq/Afganistan fixed first #tweetdebate
0,@lumatts It is a lousy government. corrupt and unable to provide basic services for its citizens #tweetdebate
0,Dems are too polite. Obama needs to stop saying Mcain is correct. #tweetdebate
0,Good God can we STOP invading other countries?! #tweetdebate #current #debate08
0,"-1 mccain, nobody understands what preconditions are #tweetdebate"
0,-3 McCain for mispronounce of world leader's name. -3 Obama for trying to correct. #tweetdebate
0,McCain -3 for propaganda platform rubbish. What an arrogant asshole are you John?! #tweetdebate
0,-3 mccain can't even pronounce the name of the head of Iran. @nprpolitics contestants on Wait Wait Don't Tell me do it better. #tweetdebate
0,"-5 for McCain's constant reminder of how old he is.  ""Back in the day...""  ""Back when..."" #tweetdebate #debate08"
0,McCain -3 for mispronouncing world leaders' names. Say Ahmadinejad 3 times real fast. #tweetdebate
0,Gorbatschow brought the wall down dude not your fucking Reagan! #tweetdebate
0,McCain aligning himself with Reagan and Nixon. This is why I don't care for him. #tweetdebate
0,"#tweetdebate -3 for McCain for arrogance and downtalking. This guy is just disrespectful, imagine McCain negotiating internationally"
0,"Mccain -1 for rolling his eyes when Obama mentioned that ""A"" isn't the right person at IRAN to target  LOL #Tweetdebate"
0,"@cmarlow480 when you get as old as McCain everything is supported with a story, #tweetdebate"
0,Why do Republicans do that smirk? It's inherently insulting. #tweetdebate
0,@theebayk1d Exactly.. everything with mccain has a boring story behind it #tweetdebate
0,"McCain should not make jokes ""Im not going to set appointments b4 I am prez, I don't even have a seal yet #tweetdebate"
0,My 9 year old asks why McCain doesn't look at Obama.  #tweetdebate
0,-4 for McCain for demanding oil drills when soler gives 5000000 watts  with 15 SA per year #tweetdebate
0,"-1 McCain for more ""preconditions BS"" #tweetdebate"
0,Talking is dangerous.  Just.. ah... shoot people! #Current #debate08 #tweetdebate
0,-3 for having multiple twitter tags for the same concept #tweetdebate #debate08
0,"#current #tweetdebate Mc can only run diversions... ""Dr. Kissenger my old friend""!  Please."
0,"Definitely -3 Mccain REALLY never does look at Obama. I mean never, it's unsettling and I do mean -3 in tweetdebate language  #tweetdebate"
0,fuck mccain #tweetdebate
0,"McCain -3 For response on Russia. He's insulting, and he makes no sense. #tweetdebate"
0,-3 McCain for dusty old KGB sound bite #tweetdebate
0,Mccain -1 he is loosing me here.. #tweetdebate
0,McCain -2 for being sure there won't be a cold war. Venezuela has receives military funding from Russia now #tweetdebate
0,McCain if elected would lead us unsustainably into war across the globe  #tweetdebate
0,"#tweetdebate Oh lord, more boring stories. -2 McCain"
0,re Russia/Iran McCain's definitely more about the military action. Scary if he becomes president. #debate08 #tweetdebate
0,So one sign in Georgia meant the Russians would invade?  Quite a stretch... #tweetdebate
0,"Okay, McCain, enough with the ""I went there once"" and the ""I've been doing this for 35 years."" We know. You're old. #tweetdebate"
0,"McCain -1 for ""having been"" everywhere or a least starting every argument with that. #tweetdebate"
0,Since when did the Republicans become tax-and-spend world police? #tweetdebate
0,McCain -2 for misrepresentng Obama's positions on Russia and Georgia. #tweetdebate
0,#tweetdebate #debate08 Can you imagine Palin answering these questions...
0,"there's no such thing as a ""russian peacekeeper"" #obama -1 #tweetdebate"
0,McCain never looks at Obama #tweetdebate
0,"#current #tweetdebate SAFER?  I want some of those 71 year old man drugs!!  And 6 or 7 houses, too."
0,offshore drilling?  Kill the planet #tweetdebate.
0,"@sarking White privilege. He's a scolding grandfather, Obama interrupting looks like an ""angry black man."" #debate08"
0,Retweet @CollinKelley: McCain created the 911 commission? I guess he did that right after he created the Blackberry #current #tweetdebate
0,It's REALLY starting to bother me that McCain won't even glance at Obama. It shows a lack of respect. #current
0,"McCain wants to work with our allies, but won't meet with Spain #current"
0,Rove...I mean McCain has studied his points very well. Too bad they just seem void of any substance to anyone LISTENING. #current
0,The biggest threat to the United States is Obama as President #current
0,#current Obama is really getting angry at the moderator when he interrupts... you sure he took enough of those meds today?
0,"We don't need to keep hyping this FAKE WAR on TERROR!!   Keep us SECURE, Obama... we don't need our LIBERTY.  #current"
0,McCain winning? WTF? He hasn't said anything. #debate08 #current
0,#debate08 #current 9/11 question is a big softball for Obama to whine about Iraq some more.
0,"We poured that money into airport security, and yet you're able to get around that by changing your name. *sigh* #current #debate08"
0,OMG Lets kill something else for oil now.. sheess #current Penguins and Caribou dont know how to shoot..
0,"Obama has to tell McCain that's not true John to wake him up he is sleeping during the debate, at least his answers sound like it #current"
0,Gore.  Kerry.  Obama.  It's a Harvard DNA thing...they all become androids. #current #debate08
0,#current #debate08 Obama talks in circles about nothing #current #debate08
0,Did Obama's mom not teach him any manners? WAIT YOUR TURN TO SPEAK! #current
0,"it's beacuse mcain doesn't know when to shut his trap. It's a debate, not a speech #current"
0,"No, no, no - the biggest threat is lettig McCain leave with smirk on his face  #current"
0,"Safer today? Go abroad as an American, McCain & get reality check.  #current"
0,"I don't want to hear about offshore drilling at all, anymore, ever. Talk about alternatives, McCain, or you're not talking to me.   #current"
0,"McCain is getting very angry, he is clinching his jaws, and getting ready to taclke Obama, he is such a hothead #current"
0,Poor grades across the board in a recent study of preparedness -- good 4 Obama 2 talk about what we're not doing yet  #current #debate08
0,OUR BIGGEST THREAT IS THE WORLD THINKS WERE ASSHOLES! #current #debate08
0,#current = Obama's lack of experience is making him on edge and not as calm as he might be.  Come back in 8 years.
0,well McCain just f'ed himself talking over Obama and the Mod.... #tweetdebate
0,#2019 #current i wish i could tell him there's never been a suticase nuclear attack anywhere.  i don't think any individual is bold enough.
0,Independents represent 42% of the voting population -- yet we are NOT REPRESENTED at this #tweetdebate. Shameful.
0,McCain sounds like a war monger filled with fear.  #current
0,"Obama: ""We are less respected now.""  Well, you're less respected by me if you keep this play-it-safe mode up.  #current"
0,#debate08 #current  Does Obama actually think we aren't trying to go after all Qaeda?
0,@Edge32 I agree... Obama is being far too accommodating of McCain's tone & interruptions #current #debate08
0,Obama's tie is crooked!!! #current
0,#debate08 #current pinocchio-bama we need to restore America's standing in the world
0,"O: Restore how we're perceived in the world - we're less respected now than we were 8 years ago, even 4 years ago #debates08, #current"
0,"Obama goes into apologizing for the USA again, what a scumbag he is #current"
0,honestly mccain really stressed me out... he was being SO mean. I don't like it when people are that mean in something so important #current
0,"@Condoulo how doesnt he respect the Nat'l Anthem - why does it matter so much if he respects the country, #tweetdebate"
0,I thought McCain flopped on the torture issue? #current
0,"lol, ants are so industrious.  are we supposed to behave like ants?  #current"
0,mccain -3 Obama doesn't get it #current #tweetdebate
0,Missile defense is welfare for the defense industry. It. Just. Doesn't. Work. #tweetdebate
0,"yes -- we are less respected -- Obama can restore standing.  Stop complimenting McCain, he doesn't compliment you!  #current #debate08"
0,senator obama doesnt understand? or get it? Mccain...stop using that language #debate08 #current
0,@current #current He doesn't understand and he doesn't get it - those phrases make McCain sound petty
0,"again ""Senator Obama still doesn't understand.."" ugh. #current"
0,Iraq is lost give it up Mc Cain! #current
0,-1pt for McCain's attack. How can we fail in Iraq? We don't even know how to win there! #tweetdebate
0,"""senator Obama still doesn't quite understand"" #current"
0,"#current Stop saying 'cold war' and 'holocaust' McCain, you just sound desperate and stupid."
0,"@gesteves Right, ignoring them just gives them more room #current"
0,Did Obama's mom not teach him any manners? He needs to wait his turn to speak. #current
0,"Okay-we all know Obama wants us out of Iraq, say something new #current"
0,mccain -1 when asked about our standing in the world goes back to missile defense and rides Reagan's coattails #tweetdebate
0,"This, I think, has been a very disappointing debate.  I thought Obama would come off better, but he didn't shine this time. #current"
0,if MaCain is elected no doubt another 911 is gonna happen! be ready! #current
0,McCain's strategy is all wrong. You cant beat up everybody that doesnt like you.#current
0,"McCain ""Offshore drilling is a bridge..."" to nowhere? #tweetdebate Reagan killed solar, of course McCain doesn't have a good solar record"
0,"Holy shit, McCain isn't winning this debate people- he's talking about our ""ego"" re: Iraq.  That's the most dangerous way to govern #current"
0,"Clearly, McCain ""doesn't understand"" that we need to get out of Iraq so we can deal with issues at home. #current"
0,I wonder if Iraquis are taller than Afghanis ... McCain must have the inside track of height tactics. #current #tweetdebate #debate08
0,"#current General Betray-us says this, General Betray-us says that... Hey McCain, he's not in charge anymore!!"
0,#current John McCain's skin is hangin off his bones
0,"McCain needs to get to the point, I am getting lost in all these words. #current"
0,"just because Gen. Petraeus says it, doesn't make it true. #current"
0,Hopefully one of these candidates can act like an adult when running THE WHOLE COUNTRY #current
0,"Holy shit, McCain isn't winning this debate people- he's talking about our ""ego"" re: Iraq. That's the most dangerous way to govern #current"
0,Obama has spent more time campaigning then in public office #current #debate08
0,ok i get it grandpa mcain your old #current
0,@JalenJade Exactly why do we need attacked when were destroying ourselves  #tweetdebate
0,The Character Assassination of Barack Obama by the Coward John McCain http://bit.ly/2ZHw59 #debate08 #current
0,Mr Obama republicans focus on Iraq because they have little tiny brains. Clinton can tell you where democrats keep theirs #current #debate08
0,"Old Man McCain is just rambling on and on ... and not answering the question with facts, Were are the fact MCCAIN? #current"
0,How can you tell a Harverd Grad who did NOT graduate at the bottom 5 of his class that he does not undersatand. How arrogant. #tweetdebate
0,worst drinking game ever #current
0,"And stop relying on Petraeus, Senator McCain!  #current"
0,"@orbitaldiamonds No one has. No one knows what 'victory in Iraq' looks like. Until they define it, I don't want to hear about it."
0,"@stillgray no she's darth vader - just give her the mask! she'll do everything for her ""master"" Johnny Boy #current"
0,Screw having dates to get out! Lets stay there for 100 years! #current
0,"Every time Obama calls McC ""Jim"" a little child cries.#current"
0,It's a trap! #current
0,#tweetdebate Obama -3 for thinking America had image to lose.  We have been called the ugly Americans for decades.
0,"Calling the USA the ""greatest"" country is a very dangerous claim #current"
0,Mccain won on rambling  run-on sentences.#current
0,"Husband says that if the terrorists are killing us, who cares about health care???? #debate08 #current"
0,We can't invest because we are bankrupt! MORE WARS OR MORE SPENDING IS NOT GOING TO HELP!#current
0,no we just need to wage war on everyone else Obama. not use our money to help the american people...#current
0,"I'm the Jerry Springer audience, I'm waiting for Ralphie N. come out from the background try to beat up McCain :( *bored* #current"
0,Obama Loses! Incompetence breads incompetence! Veterans? What do you care anti-christ? #current
0,#tweetdebate and all our undergarments are manfactured in China. Thats a great risk. what if they stopped manfacturing that
0,"McCain needs to get to the point, I am getting lost in all these words. #current"
0,"McCain: Failure in Iraq would encourage al Qaeda to set up there... Sure it's possible, but is it inevitable? #debate08 #current"
0,#current thay are all lying to us
0,"""I've been involved in every...thing that got screwed up"" is what McCain meant to say there. #current"
0,Obama needs more experience #current
0,"Obama wants change, the change in my wallet.#current"
0,"McCain still condescending with ""Obama doesn't understand"".  And he doesn't have the dignity to look at him. No class. #current #debate"
0,"@BarackObama If you keep positioning healthcare vs Iraq war, you will lose this election. #current #obamashot #mccainshot"
0,all those tight muscles in McCain's face.  I bet he'd look 90 if he'd ever relax. #current
0,Strategy in Obama's mind is Kissing the UN's Butt.  No Thanks.  Freedom Aint Free! #current
0,"Obama bad decisions: His Church, William Ayers, Rezko, Iraq troop surge..... #current"
0,"mccain, quit the patronizing and get to the point #current"
0,#current of course you think he's wrong john! he's standing in your way from letting sarah palin be president
0,"and you haven't done jack, mccain, except jack sh*t up. #current #debate08"
0,"We GET it McCain you are OLD, a lot of people knew FORTRAN once and that doesn't make them ready to lead today. #current"
0,How is it that we're coming back to the Surge?  Weird... #current
0,"Obama's off camera chuckling is just stupid.  Makes him look like an idiot, not a POTUS.  #current #debate08"
0,"Obama: ""We haven't spent enough money on social programs and handouts!"" #current #debate08 #tweetdebate"
0,"#current are you serious, mccain, in comparing obama to bush?  nutjob."
0,oh god McCain..you are getting on my nerves...the surge didnt work!!#current
0,mcain's voice makes my ears bleed #current
0,Obama: please just say that we should stop fighting wars.  Period.  Full Stop.  No more war.  It's DUMB.  #current
0,9/11 was an inside job! Wake up America!! There is no difference between these candidates!!#current
0,McCain has is part of a system that got us into this mess.  How can we trust you to get us out? #current
0,Obama talks about the issues and McCain has only spoken about the past. I think McCain needs to go into teaching History #current
0,McCain is totally dissing Obama - what a  dick #current
0,Ohhh..McCain getting a little nasty #current
0,McCain is acting like an arrogant old guy.#current
0,Barack Obama: DEBATE REALITY CHECK: THREAT IN AFGHANISTAN http://tinyurl.com/4dolsf #debate08 #current #tweetdebate
0,"#current McPain ""we've seen this stubbornness before"" we need more flexibility in a pres of US than that. Veterans know I'll take care o ..."
0,"@tayari Eating pizza would, at the present time, be more interesting than the debate.  #current"
0,McCain -2 he can't even keep the cnn republican line happy! #tweetdebate
0,Play that violin...McCain is talking about veterans... #current
0,Who picked McCain's tie? #current
0,grumpy old man #current
0,"Yeah, McCain, take care of those veterans by NOT SHOWING UP TO VOTE FOR THE GI BILL #current"
0,Obama tried to say that he knows vets well.. guess what can't win that game with McCain.. #current #debate08
0,Mccain is such a joke. #current
0,Wow McCain is saying that Obama is wrong.  Yet his example is counter to what he said two minutes ago? #current
0,#current McCain is trying to win on age. He's talking about Obama as an idealistic teen.
0,McCain has been vomiting diarrhea into my ears all night #current
0,"FLexibility, my ass.#current"
0,"McCain seems to keep falling back on saying, ""Obama just doesn't get it.""  Umm...He seems to get it to me.  #tweetdebate #debate08"
0,McCain's teeth keep whistling... #current
0,McCain -3 calling Obama inflexible  That's the pot calling the kettle black #tweetdebate
0,-1 mc cain's Georgian bias on Georgian - Russia conflict. #tweetdebate
0,McCain clubs baby seals.... seriously. #current
0,Mc Cains gonna take care of the veterans?  he had his chance the last 8 years! #current
0,McCain must be awfully tired  --- He's been everywhere and done everything! #current
0,Talk about clinging mindlessly to one stuck position...how about McCain's insistence on staying in Iraq? #current
0,Mccain -1 getting tired? stuttering? #tweetdebate
0,#current #debate08 I hate it when they talk over each other... cat-fight anyone?
0,-2 for Mcain saying he'll take care of vets but voting against benefits for them. #tweetdebate
0,I want to fall asleep when you talk Mccain #current
0,#current babs is mad.
0,i still hate MaCain's tie!! #current
0,"john mccain: ""i'm afraid....to look people in the eye"" #current"
0,#current  OMG- McCain is smirking just like Bush does!
0,"#current #debate08 - Ok, let's make McCain the Sec'y of Vet Affairs... instead of President----!!!!!"
0,"If veterans know and love McCain like he says, why the veteran protests during his GOP speech? #current"
0,mccain keeps whistling! haha #current
0,@current So do we now stereotype people from other nations as enemies because they live in a certain country?  #current
0,Obama going back to his drunk father roots.  #current
0,"mcc is just harping on one or two things, he seems desperate to me.  He's not putting up anything new, no new ideas, just same old. #current"
0,McCains tie is godawful. #current
0,This debate reminded me why I'm an independent. Disheartening. #current
0,"#current McCain needs to retire, not take the hardest job on earth!"
0,Grandpa McCain is going to take care of America?! #current
0,Obama Loses! Incompetence breads incompetence! Veterans? What do you care anti-christ? #current
0,"I'm outta here. I hope Bill Maher watched the debate. Remember, Barack sucks at debating things, especially because he is stoopid. #current"
0,Mccain is out of touch.  He is a broken record.  We need change NOW! #current
0,"You don't need any ""on-the-job training?"" You are 72! What if you DIE?! Why Palin if you care about ""on the job training?"" #current"
0,It ain't a popularity matter ya dummy It is national security #current
0,I was wondering when he was going to pull the POW card... #current
0,We'd have Al Qaeda taken care of by now if it hadn't been for Iraq and oil interests #debate08 #current
0,McCain just dropped that ball after Obama was lucid about Iraq #current
0,"@downsokc  we have $9 trillion debt.  A little too much, eh?  #debate08 #debateok08 #current"
0,"I hate to say it, Obama lost this debate. He's played too much defense and allowed McCain to on the offensive all night. #current"
0,I thought McCain was busy dumping his first wife after he returned from Vietnam. #current
0,oh here we go again..  blah blah blah.. violins and sappy music.. thanks danny tanner #current
0,McCain sucks.#current
0,"Both McCain and Obama are a joke! give me 30 min. and I can prove it, lol. (this is to u Current! i luvs my current :)  #current"
0,"#current all McCain talks about is war ... he is a war lover, a war monger  he would be a president of war"
0,McCain managed to screw up this debate without any help from Palin.Isn't he sad about Bush screwing vets?. #current #tweetdebate #debate08
0,"""when I came home from prison..."" Have we heard that one before? #current"
0,#current #debate08 #tweetdebate wow ... never mentions that PoW issue does he... good thing he was never tortured (* according to US)
0,wait. MCCAIN JUST ADMITTED TO BEING IN PRISON!!!! What's the crime? are you allowed to be president if you're a felon? WOW. NEWS #current
0,McCain's veteran voting record is a disgrace. #current
0,I think McCain has had 4 strokes throughout this debate.  #tweetdebate
0,MCCain: Vote for me b/c i got fucked up the ass by the viet cong for 5 yrs....#current #debate08
0,ARRRRRRGGGGGGGHHHHH!!!! McCain is talking about being a POW again. Wow! #current
0,"Oh, and the US is incapable of diplomacy when it won't back down on any issue #debate08 #current"
0,"Veterans, including myself, are continually being mistreated by an Administration you supported 90% of the time Senator McCain #current"
0,"Say Whaaat?  MCain fought to keep quiet the investigations of POW's, he didn't try to find them #current"
0,i knew he'd end with POW talk...sigh;.. #current
0,"#current #debate08 #tweetdebate Overall, crappy debate.  Obama needs to learn to punch harder and go direct for JM's throat."
0,#tweetdebate If Obama can't get his point in with McCain will he be assertive with foreign leaders?
0,some debate.  they both were duds.  #current #debate08
0,Hallelujah! It's over! What do you say we all vote for McCain as Miss Congeniality?!!! #tweetdebate
0,john mccain does not care about black twitter'ers #current #debate08 #tweetdebate #mccainshot #obamashot
0,"RT  Michael_Lehman    #current #debate08 - Ok, let's make McCain the Sec'y of Vet Affairs... instead of President----!!!!"
0,@lindagoin Not the smoothest transition.
0,McCain voted against a bill that would cover the total cost of college for vets. He supports them? #current
0,Still wouldn't look at Obama when they shook hands. Ass!  #current #debate08
0,Obama - outdebated... there's no room for gray/corrections in a debate #current
0,"Drink for every time he brings up ""when i came home from prison"" #current"
0,McCain clubs baby seals.... seriously. #current
0,Is it just me or was this REALLY depresing as far as how #%*$@&'d up the world is right now? Sigh ... #current
0,#2019 #current when the economy of war didn't stop a recession but caused a depression.  good ol' '08
0,McCain -1 for overplaying veteran card one or two times too many #tweetdebate
0,"all of that blinking has been shown to be the sign of a fibber, John. #current"
0,Obama is a liar. #current
0,"#current you can soo tell mccain doesnt f*ck his wife, they dont even hold hands or anything XD"
0,oh but mcain isn't creepy? that troll can't even touch his own head! #current
0,disappointed in Jim Lehrer.  expected more from him. #current
0,McCain is scared of Obama. #Current #debate08 #tweetdebate
0,@kathrynjones he's racist #current
0,"I didn't really hear anything new in this debate. Hope future debates won't sound like political news pundit speak, too. #current #debate08"
0,#current I am worried on the whole with both of our choices
0,#tweetdebate Mccain lost he sucks hope he does not become President
0,"You know McCain should just stand there and sing ""Mr. Self Destruct"" by NIN. #current"
0,"John, you voted against the Webb bill to pay for college education for veterans. #current"
0,#debate08 #current did someone really just ask if mccain is a felon.  He was in pow camp you idiot
0,"If we want real change in DC, vote out all Congresmen and Senators that have been in office over 12 years.  #current"
0,The Character Assassination of Barack Obama by the Coward John McCain http://bit.ly/2ZHw59 #debate08 #current
0,Retweet @stevenbjohnson #debate08 making a point that depends on the difference between tactics & strategies is always a bad tactic...
0,"#debate08 mccain can barely walk, if he dies miss tabloid queen will be the president... nice move US"
0,Retweet kctrey: Still wouldn't look at Obama when they shook hands. Ass! #current #debate08
0,"#debate08 Sadly, I think Obama missed the point - this election is going to be more about connecting with the average than about leadership"
0,This is not a time for on the job training. #current
0,Cindy McCain is GLOWING RED.  In a burn my eyes way. #debate08
0,"#current can we remove 10,000 votes from McCain/Palin every time one of them utters ""maverick""?"
0,"wow, Biden is talking but they won't let Palin? Why not? Sexist?? #tweetdebate"
0,"POW and he was no hero, he was just like thousands of others. Maybe if he ever kept his planes in the air....  #debate08"
0,I'm out of this shit. #current #debate08
0,CBS observer compares McCain to Nixon. Yikes. #debate08
0,"McCain came off very rude. If McCain acts this way in office, with his smirking and disdain, he will be no help to America's image. #current"
0,"mccain is weak on the economy, better @ warmongering & apparently is afraid of direct eye contact #tweetdebate"
0,seems to me like Obama kind of fell apart there at the end. #current
0,Obamarossa's dress looks like puke #current
0,where the hell were the environmental issues (besides energy)? #current
0,Body Language of McCain = Idiot.  #debate08
0,"#debate08: wow. Obama Camp Mgr Thinks Barry ""Commanded"" the Foreign Policy debate. Laughing so hard my sides hurt."
0,"Not sure where McCain goes from here.  He's lost the week, the day, and then the debate.  #debate08 #mccain #obama"
0,#current Who won? Not us.
0,"so what was the best line of the night?  thoughts?  i think this debate lacked any ""umph"" #debate08"
0,Doesn't anyone remember when McCain went to Iraq and made a fool out of himself?  #current
0,How the hell can anyone consider McCain the debate winner???  #debate08
0,"... and now we go to Spin Alley. Or, as I call it, ""Deception Lane."" Changing the channel now. #debate08"
0,@divesnob McCain only blinks so much because he is trying to send subliminal messages to his followers #current #tweetdebate
0,@theebayk1d disrespecting traditions during the pledge and National Anthem.
0,This debate was completely surreal in the context of the current economic crisis.  #current
0,mccain: obama is stubborn like bush! what? #debate08
0,"And *holy crap* I'm getting tired of McCain's ""Sen. Obama doesn't understand"" followed with emotional appeal to US exceptionalism #debate08"
0,http://snipr.com/3vlts - Big surprise McCain makes misleading statements about Obama #current
0,Anyone who thinks McCain won the #debate08 is a total dweeb dingle cheese.  (he says like a true dorkus)
0,"Palin declined the invite to discuss the debate???  What, is she busy monitoring her Russian neighbors??  #current"
0,#debate08 wtf giuliani in lieu of palin? Is this a test run for a vp candidate replacement
0,"#debate08 Palin/Biden is on a Thursday?  Gimme a break, Thursday is the new Friday.  No one is gonna watch those 2 on a Thursday night."
0,@FakeObama08 Matt is out....but I heard Chevy Chase wants Palin anihilated! (SP?)  Yeah.....who?  Oh...the dude that played Fletch.
0,Retweeting @mississippianna: disappointed that we did not hear from the candidates on how they will end the genocide in Darfur #debate08
0,#debate08 #current  Major Garrett-  Obama campaign feels they won the debate.  Must have been watching a different program
0,"McCain called for a spending freeze, Hillary called for a trade timeout. Both ridiculous ideas. Both will lose. #tweetdebate #obamashot"
0,#debate08 honest question for McCainiacs -- what's the thinking on Palin being nowhere near a live camera right now?
0,Where's palin? Getting drunk in Philly. #current
0,#debate08 is it just me or was McCain awful tonight
0,Brian Williams can't believe Rudy is saying this stuff with a straight face. #debate08
0,thinks the crawl on FOX news is so slanted it's despicable.  #tweetdebate
0,Has Palin said anything unscripted on live television yet?  #current
0,@kassifan What do you expect? All McCain has is lies. The truth won't get him elected.
0,"As an aside, Obama missed yet another opportunity to close the deal tonight (NH, TX, PA vs HRC, tonight vs McCain) #current"
0,"#current #debate08 , Pickens Plan has a few billion, yet cant keep a strong web server? Come on Boone..."
0,@CarriBugbee are you kidding if you watch the nightly news you should know those things. #current
0,@MercuryMetro #current yeah the Wife and I were both commenting on that. It's cause he's an ass.
0,"@theebayk1d I find it very disrespectful when one doesn't either salute the flag, or put their hand on their hear when the Anthem is played."
0,"if there's any one I hate more than McCain, its Guliani #debate08"
0,"#debate08 if we get McC for prez, all our $$$ will go to the mid-east and the us will fall into 1000% inflation"
0,#debate08 I guess Palin has been locked in a room until next week. She's gotta a lot of work to do with Professor Higgins.
0,#debate08 McCain sounded like a rambleing Grandpa Simpson.  Lehrer is a crappy moderator.
0,"@NewsHour Thought Lehrer's questions were too general/not pointed enough: e.g., What about Iran? What about Russia? etc. #debate08"
0,thinks that McCain does not understand the difference between a tactic and a strategy.  #debate08
0,"@MaryTrigiani I didn't think McCain was a gentleman one time. Impartially, I truly believe that. You?"
0,#debate08 Why did McCain close with the Veterans - that was weird. Last words and THAT's what you say?
0,@saldarji I think McCain doesn't understand a lot. #debate08
0,BObama interrupted JMcCain too often. It was as bad as AGore walking in front of Bush at '00 debates. Arrogance. #debate08 #current
0,"@michaelszeto A friend said"" ""Gergen is such a sell-out."" #debate08"
0,"McCAIN'S PROBLEM LINE OF THE NIGHT: ""Senator Obama, you don't understand.""  Condescending, grumpy, angry #tweetdebate"
0,@israelpattison um. McCain stumbled a lot. He was belicose. He repeated a false claim about Obama's tax plan. Not presidential. #debate08
0,@janoss - abslutely-- McCain could not look at Obama! - http://janosschumacher.wordpress.com/
0,"Lindsey Graham is an idiot, why does the McCain camp always use him? There are so many better people . #current #debate08"
0,"I'm offering my translation services: Creepy McCain smile while Obama speaks=Damn, Obama got me again! I'm screwed. #debate08"
0,@sarking I disagree. I think McCain loses by showing up. #debate08
0,"Obama should start smearing and being ridiculous with dark shadow footage, because that's the only way to ""win"" in this country. #debate08"
0,Dee Dee Meyers thought Obama did great job on showing how great leader he is. Hmm must have watched different one than she did #current
0,No need to make false claims about Obamas plan. I read it. talk about scary!!! #debate08
0,"RT @factoryjoe: I looked into McCain's eyes and saw a B, a U, an S and an H (add from me: but even more willing to lie to win?) #current"
0,McCain thinks travel to relevant areas=expertise. When will US govt consult with me on my expertise? I've been to Iran. #debate08
0,"#debate08 #current Barr in Interview: ""The moderator let them go on and on, that's pandering to the American people not leadership."""
0,condescending - read: correct #debate08
0,@drthomasho what spin? Debate was a yawn fest where both played to their base.
0,#debate08 this was mccain's good shot to beat down obama and it doesn't look like that happened.
0,@forever_trust Drives me crazy! #DEBATE08
0,@CurlingRiver Why are you so ignorant? Your thinking and ideology are what drives this country in the ground #current
0,Reports that Palin is out Moose hunting with her pregnant daugher somewhere near Russia #debate08
0,"#debate08 golly gee, i wonder why they didn't have palin out spinning for mcsame? could it be because she's functionally retarded? PROBABLY!"
0,Obama looked nervous and uncomfortable the entire time. #current #debate08
0,Lindsey Graham sounds just like Mr. Rodgers. #current
0,oy vey! already with the new campaign ads? #Debate08
0,#debate08 the cnn.com live reporter is awful! she is really informal and dumb!
0,"The worst part of all this is that what I think doesn't matter,the line on the debate cld be completely spun by tomorrow #debate08 #current"
0,"#debate08 So if McCain wins, I'm probably screwed since he only seems to care about veterans"
0,"Also, John seemed to be obsessed with slamming Obama and looked desperate. #current"
0,I hate watching presidential debates.  They just get me all anxious and freaked out!  Obama needs a better rhetorical strategy.  #debate08
0,"@fakejohnmccain John John John, I won't be respectful and call you ""Senator McCain"" even if you do #tweetdebate"
0,well...mccain's latest ad didn't take long to come out.  he's the master of illusion.  #current
0,"mccains camp advisor said they didn't have a lot of time to ""practice"" for this debate as he had suspended his campaign to help #tweetdebate"
0,"#debate08 If McCain or his people mention ""Obama tax increases"" one more time... There are no polite words that will come out of my mouth"
0,Palin got stuck on an ice berg and it's melting #current
0,"...of the earth'...and we're gonna say 'no you're not?' oh please!""  #debate08"
0,"#debate08 GOP pundits: ""McCain! McCain! McCain!!!"". Democrat pundits: ""Obama! Obama! Obama!!!"". Haaaa...  spin...  how useless..."
0,I watched the debate as my civic duty but would rather have teeth pulled than watch the Veep debate.#tweetdebate
0,"also too bad Obama didn't mention ""Keating Five"" in that first part of the debate. #debate08"
0,"McCain full of long, windy, gasbaggery & short on policy. The end. #debate08 #momocrats"
0,McCain jokes about Bear DNA funding but Palin requested funds to study Harbor Seals WTF? #current #tweetdebate
0,@tarheelcoxn oh stop mentioning funny names from years ago you arugula-eating elitist. ;) #debate08
0,#current Elect McCain as President of the Past
0,@MailOurMilitary Doubtful. I think he's still bitter from his POW experience and wants someone to pay.
0,"A friend IMed: ""I thought Obama's 'I have a bracelet, too' line was appalling."" #debate08"
0,McCain campaign stoops to a new low http://tinyurl.com/43n74w #current #debate08
0,as @credd said: well...mccain's latest ad didn't take long to come out. he's the master of illusion. #current
0,#debate08 GOP supporters need to start recognizing that independents aren't falling for the same 2004 tricks.
0,"Sad that McCain had to lie, lie, lie like a cheap rug about what his own advisor --Kissinger-- said. #current"
0,"As a Hillary Clinton fanatic, I thought maybe I wasn't properly listening to the primary debates. I was. Barack was again weak. #debate08"
0,"McCain & his party are the ""existential threat"". Goodbye, democracy and freedom. Imploding from the inside, like it always does. =( #current"
0,"They say Obama's professorial, but I've never heard so much revisionist >1950s American history as I did tonight from Doc McCain. #debate08"
0,"#debate08 The fact that they call it the ""Spin room"" should be enough reason to avoid listening to it at all costs."
0,My day job is simplifying messages. I was cringing throughout. Barack talked too much. And was too esoteric. #debate08
0,McCain's solution to diplomacy is to not talk to the parties involved and have a New World Order that bosses the world. Brilliant. #current
0,#current I don't think McC understands how the UN works!
0,"McCain stuck in time warp, mistakes name-dropping Kissinger & old vacay itineraries for contemporary foreign policy. #debate08 #momocrats"
0,@Imarilove I won't vote for him as dogcatcher.
0,@stillgray Obama claims that they'll be another Holocaust - what he doesn't mention outright is he wants to be Hitler!
0,#debate08 Obama's an empty suit.
0,"#debate08 @Afashionista McCain may sound slightly more educated, but the talks off ""war"" turns me off... a lot."
0,"@AFashionista, really? Did he not mention that he's a war hero yet again? How's that good? #debate08"
0,"@anwyn19 where were mccain's details? if anyone was empty, it was him. #debate08"
0,"@stillgray exactly no diplomacy. war, war, war.....http://www.newamericancentury.org/ #current"
0,They completely twisted one anothers' words the whole time. #debate08
0,"#debate08  @AFashionista, really? Did he not mention that he's a war hero yet again? How's that good?"
0,"was it just me, or did McCain look like he was trained for public appearances by the Bush team? #debate08"
0,@ricksanchezcnn did you pick up on the fact that sidestepped half the questions and agreed on all the others.
0,RT @drunnells #debate08 McCain's temper and disrespect fit nicely with the new image of the US that the Bush administration has built up
0,"The financial system is in dire need of a bankruptcy reorganization, not a bailout, and neither candidate is up to the task. Sad. #debate08"
0,@technosailor @problogger I'm guessing #debate08 changed no one's mind.  We all watched with our biases alive and well.
0,why mccain dont know the president of pakistan?#current
0,"@scbalazs mccain rolled right along... right off the track and into the woods, totally oblivious. #debate08"
0,Obama doesn't know the difference between profit and profit margin. #debate08
0,"9/15 post about Kissinger's stance on talking wih Iran: http://tinyurl.com/5pabty You can't come out and lie about it now, Henry! #current"
0,#debate08 #lame #makeitendnow
0,"@stoutware McCain doesn't know the difference between Sunni and Shia, or where Spain is. #debate08"
0,"#debate08 mccain fed in so many lies, misleading statements and other dreck it would be impossible to refute them all!"
0,#current Ha! emailers to CNN accusing network of letting Biden come on and NOT Palin. Stupid uniformed people might still win it for McCain!
0,#debate08 Where is Palin hiding? Has she declined all post-debate interviews?
0,"RT @kcrusher #debate08 mccain fed in so many lies, misleading statements and other dreck it would be impossible to refute them all!"
0,"#debate08 @LipstickVP I disagree, McCain's voice puts me to sleep with his monotone lisp"
0,@mkantonelli he wouldn't look Obama in the eyes at all maybe he thought he would get hexed ;/
0,"Really, why couldn't McCain look Obama in the eye?  Callow, lying, honorless jackass.  #current"
0,Hmm...BO may have slighted his elder by calling him by his first name. #debate08
0,*GASP*!! McCain doesn't have on a flag pin! He doesn't love America! #debate08
0,"@claymaker They're BOTH full of it!  Lies, and covering their tracks.  I was just bothered by the constant interjections! #debate08"
0,Guessing that Sarah Palin's being given scripted speaking points before commenting on the debate tonight. #current #debate08
0,@orbitaldiamonds  #debate08 even the veterans don't support mccain!
0,"When McCain called for a freeze on gov't spending, I thought of Nixon's wage and price controls. Didn't work http://poprl.com/1LN #debate08"
0,@MercuryMetro they have to program her. #debate08
0,@sarking It's called projecting. McCain is accusing Obama of McCain's own faults. #debate08
0,#debate08 remember - mccain wanted to vote against the GI bill until it was political suicide to do so.
0,#debate08 #current pickens plan ad on msnbc. don't fall for the water grab plan. he's still an oil man at heart.
0,@cnn #tweetdebate - Anyone else find it rude that McCain didn't even look at Obama once?
0,Both candidates are unable to tell the difference between the Republican Guard and the Revolutionary Guard. #debate08
4,Current TV is pretty cool. Streaming Twitter feedback #tweetdebate
4,#tweetdebate - good luck both candidates
4,#tweetdebate Awesome first debate question
4,Obama +1 for swift and wise  #tweetdebate
4,"+1 for Obama ""Moving fast, moving swiftly"" #tweetdebate"
4,Obama looks good. #tweetdebate #current
4,Looking forward to the twitter storm taking place tonight. #tweetdebate
4,""" Obama +1 for articulating his plans - initial & recognition #tweetdebate"""
4,Obama +1 #tweetdebate
4,McCain +1 Kennedy comment #tweetdebate
4,Obama +1 for bullet pointing his bailout policy clearly #tweetdebate
4,Obama +2 for specifics #tweetdebate
4,+1 Obama #tweetdebate
4,+1 for mcCain #tweetdebate
4,1st impressions: Obama has come across as more presidential and articulate. #tweetdebate
4,+Obama for giving a clear concise answer to the first question #tweetdebate
4,+1 for Lehrer for calling them both back on track re: recovery plan #tweetdebate
4,I <3 lehrer #tweetdebate great move of repeating question
4,+2 for Obama making eye contact with the camera #tweetdebate
4,Obama +1 for equating Republicans with anti-regulation #tweetdebate
4,Obama +1 pt: We need more responsibility but not just during a crisis. #tweetdebate
4,#tweetdebate 21st century framework- I like that and it resonates with me as a future minded strategist & leader @barrackobama
4,mccain +1 for having a sense of humor (he heard him) #tweetdebate
4,Obama +3 for wanting responsibility all the time #tweetdebate
4,"Obama: +2 for saying ""we need responsibility all the time, not just during a crisis"" #tweetdebate"
4,Obama +1 for calling Mccain out on his history against oversight #tweetdebate
4,@nohype good point!
4,+3 McCain for looking Presidential #tweetdebate
4,Obama +1 for holding McCain accountable for his recent record #tweetdebate
4,"McCain +1 quotable ""I have a fundamental belief in the strength of the American worker."" #tweetdebate"
4,Mccain +1 for directly differentiating his fiscal policy against Obama (cut spending) #tweetdebate
4,McCain +1 for blowing the whistle on pork barrel spending #tweetdebate
4,Obama +2 300 billion dollars wow Tax cut for ordianry American  #tweetdebate
4,Grow the economy from the bottom up. +3 to Obama for a nice sound bite. #tweetdebate
4,mccain +2 when obama suspended spending #tweetdebate
4,"Mccain +1 ""I want to cut spending and taxes"" #tweetdebate"
4,+1 Obama for giving specific data and clearly identifying is plan #tweetdebate
4,+2 pts for Obama for pouncing back on McCain #tweetdebate
4,+10 Obama for calling out the tax breaks given for outsourcing!!! #tweetdebate
4,@current #current THe candidates are starting to interact more with each other. This is good.
4,Obama +2 for telling McCain what's up. #tweetdebate
4,+1 obama for saying removing earmarks not only way to get back on track #tweetdebate
4,"Face it Obama is going to win regardless of debates, He has the youth voters on his side. #current #tweetdebate"
4,Obama +1 for good response to tax / rich challenge #tweetdebate
4,Obama +2 for successful response to the business tax issue #tweetdebate
4,+2 Obama for not letting McCain off the hook re: tax cuts #tweetdebate
4,+5 Obama for teling the truth about business taxes. You just want to add a tax benefit ON TOP of the loopholes #tweetdebate
4,+1 Obama calling out taxation on health benefits #current #tweetdebate
4,"Obama +2 better argument comp to Mccain, more comprehensive for me #Tweetdebate"
4,Obama +3 zing taxes on health care benefits #tweetdebate
4,"+1 mccain for saying ""festooned"" #tweetdebate"
4,McCain +1 for using concrete examples. #tweetdebate
4,McCain +3 liking his proposed tax system #tweetdebate
4,Obama +1 for wanting to close corporate tax loopholes - not just cut taxes. #tweetdebate
4,"Obama +3 quotable - ""energy indepedence"" ok. #tweetdebate"
4,Obama energy independence +3 #tweetdebate
4,Obama +2 for education and science and infrastructure comment #tweetdebate
4,Obama +1 for infrastructure. #tweetdebate
4,Obama +3 for having most liberal voting record #tweetdebate
4,mccain +1 for eliminating ethanol subsidies #tweetdebate
4,"+5 Obama for alt energy, rural broadband, affordable college, healthcare #current #tweetdebate"
4,McCain +3 for good sound bite about reaching so far across the aisle from that far left #tweetdebate
4,#3 Obama #tweetdebate Obama commits to broadband for rural areas. thats the #1 priority for Coos Co. NH. @blendahtom @kramsey
4,"McCain +1 for use of the word ""festooned"" #tweetdebate"
4,+1 Lehrer calling out both candidate's lack of commitment to change #tweetdebate
4,"+2 Obama math, science, space program, and new infrastructure for new energy #tweetdebate"
4,McCain +2 defense spending cuts #tweetdebate
4,+1 McLehrer. I think Jim wins the debate. McLehrer for president! #tweetdebate
4,Obama +2 for crediting McCain where they agree. #tweetdebate
4,+2 lehrer for calling them on their lack of cajones  to suggest new plans for bailout  #tweetdebate
4,"+3 Obama for alt energy, rural broadband, affordable college, healthcare #current #tweetdebate"
4,Google for gov't - good sound bite from Obama. #tweetdebate
4,@current #current +1 for bringing your successes with people from across the aisle. Nice comeback from McCain attack +1 Obama
4,Obama +1 for pushing transparency #tweetdebate
4,Obama +2 hatchet instead of scapel #tweetdebate
4,Obama +2 for successful rebuttal of simplistic solutions #tweetdebate
4,Obama +3 for Google for govt idea #tweetdebate
4,"+3 Obama for quotable sound bite, ""using a hatchet when you need a scalpel"" #tweetdebate"
4,#tweetdebate I like the hatchet/scalpel line.
4,"Obama +1 for a clear, responsible answer to the empty-headed spending freeze #tweetdebate"
4,Lerher is bringing the heat w/ questions. #current #tweetdebate
4,great examples by Obama #tweetdebate
4,Obama +3 comparing plans to rosevelt's accomplishments #tweetdebate
4,"That's a great answer Barack! #obama #current, #debate08, #tweetdebate"
4,@JustinGunn this is the coolest thing I've seen on TV since the pilot episode of Heroes :-)
4,"Obama +1 for first to bring up ""values #tweetdebate"
4,+2 Obama for clearly articulating that he will cut spending and saying how. #tweetdebate
4,+10 to Obama for pointing out that he will not leave out healthcare on a spending contraction #tweetdebate
4,obama +2 for not reacting with mccain-like annoying smile while listening #tweetdebate
4,McCain +1 spending china #tweetdebate
4,+2 for Obama going after McCain on budget spending & voting 90% of the time with GWB #tweetdebate
4,+1 obama for saying orgy #tweetdebate
4,@current #current YES! Obama hits McCain hard on controlling spending. SCORE +1 Obama
4,"Obama +3 for ""Orgy of spending."" #tweetdebate"
4,Obama +3 for holding the reps responsible! #tweetdebate
4,"""orgy of spending"" good soundbite from Obama #tweetdebate"
4,"#tweetdebate: Obama +2 for calling McCain out publicly on ""government let spending get out of control"""
4,#tweetdebate THAT'S how you hit back Obama. Keep that up!
4,Mccain +1 for bringing to light recent successes in Iraq #tweetdebate
4,+1 Obama calling out costs of this Iraq war!! #tweetdebate
4,"#tweetdebate +3 ""eye off the ball"" for Obama"
4,Obama +3 use military wisely quotable #Tweetdebate
4,Obama +2 we need to use the military wisely #tweetdebate
4,+2 Obama for saying that the US shouldn't have gone to Iraq in the first place and that it's a waste of money and lives. #tweetdebate
4,+2 pts for Obama countering McCain on the war on Iraq in the Senate committee #tweetdebate
4,retweet Obama +2 countering that the issues McCain brought up don't go thru his subcommittee #tweetdebate
4,+3 Obama #tweetdebate the war started in 2002. Obama makes the point on judgement
4,"+1 obama, barely, for saying ""intelligent military spending"" #tweetdebate"
4,+2 pts for Obama going after McCain for funding of the troops...timetable or no timetable? #tweetdebate
4,+1 Obama explaining attacks that he voted to cut spending for troops #tweetdebate
4,obama - +1 for more troops in Afghanistan #tweetdebate
4,+3 Obama sound bite I absolutely understand the difference in strategy and tactics #tweetdebate
4,"Obama +1 for using ""strategic"" correctly. :) #tweetdebate"
4,"Obama +2 reasserting his ""strategic"" plans back in McCain's face #tweetdebate"
4,Obama is not anti-war.  Never has been.  Just anti dumb strategy. # Current #debate08 #tweetdebate
4,Obama +1 for more details in explaining the situation and laying out his plans. #tweetdebate
4,"McCain is calm, collected, and dominating tonight...no offense, Obama-ites. #current #tweetdebate #debate08"
4,+1 Mccain for admitting being wrong #tweetdebate
4,+1 Obama on Afghanistan #tweetdebate
4,McCain +3 for pull the trigger soundbite #tweetdebate
4,@esonnenberg I love *LOVE* that the two of us hear the same thing & take it two different ways. It's what makes America great. #tweetdebate
4,"Ohhh... +3 Obama for his analysis of our relations with dictator Musharuf in Pakistan, alienating population #tweetdebate"
4,"McCain +1 ok.. bring ""reagan"" and you get a point, likable anyways #tweetdebate"
4,obama +2 for a successful counterpoint to opponents assertion regarding tax loop holes for smb #tweetdebate
4,"#tweetdebate - I seriously thought Obama would dominate the debate, but McCain is doing better than I thought."
4,"McCain +1 for bringing a ""story"" that's touching re: son enlisted bagdad.killed #tweetdebate"
4,Obama +1 good retort!! Make sure no other mother goes through what I am going through. #current #tweetdebate
4,+3 pts for Obama's soundbite about honoring the troops. #tweetdebate
4,"Obama +1 nice come back with bracelet story bk ""honor all the service prov"" & ret with better question +2 #tweetdebate"
4,"Obama +2 for the counter story, don't let another mother go through this #tweetdebate"
4,Obama can actually respond intelligently to these questions. #current #debate08 #tweetdebate
4,love the #tweetdebate function off twitter.  Hilarious commentary going on.
4,"Obama +3 ""You don't muddle through the central front of terror."" #tweetdebate"
4,"loving everyone's debate observations at #current, #debate08 #tweetdebate this is amazing, the variety of opinions"
4,Obama +1 for the interesting pronunciation of Pakistan. #tweetdebate #debate08
4,Obama +3 dor bringing up Iraq vs. Iran fact! #tweetdebate
4,#tweetdebate +2 Obama for actually looking at McCain when he makes a point
4,#tweetdebate +3 Purple Tie!!
4,+2 Obama for showing an understanding of Middle East politics as a whole #tweetdebate
4,@seasonothebitch Yup. We have always been down with Eastasia...
4,+1 pts for Obama's need for talking to allies & trade partners of Iran to help change Iran's nuclear ambitions. #tweetdebate
4,"Obama +2 for a clear, firm answer to the question #tweetdebate"
4,"oddly enough, i think obama's ""uh's"" actually help rather than hurt him #current, #tweetdebate"
4,Mccain +1 ok.. for your efforts in pron. names #tweetdebate
4,+2 Mccain for understanding that history applies to the present #tweetdebate
4,+2 Obama for clear  understanding of Iran/middle east issues #tweetdebate
4,"+1pt for Obama saying ""I reserve the right to meet w/whoever at the time of my choosing as president of US"". #tweetdebate"
4,"+1 Obama - acknowleding that he was called ""naive"" #tweetdebate"
4,+3 Obama There is a difference between pre-conditions and preparation #tweetdebate # current
4,Obama +2 on international policy. he's rocking this one! #tweetdebate
4,#tweetdebate I'm glad Obama's getting a chance to address this precondition thing.
4,"+1 obama on preconditions and tea, that was awesome #tweetdebate"
4,Obama +2 for bringing up Spain fiasco #tweetdebate
4,"""Sen. Obama, can you see Russia from your house???"" #current #debate #tweetdebate"
4,+5 Obama for understanding that  conversation is key. #tweetdebate
4,Obama +2 for loose nukes in Russia #tweetdebate
4,obama +3 he seems to have done his homework on Russia good job #tweetdebate
4,#tweetdebate obama
4,"+3 pts for McCain saying ""I see three initials in front of Putin's name...a K, G, and B"" #tweetdebate"
4,Mccain +2 for clearly understanding the situation in Russia #tweetdebate
4,McCain +2 for KGB soundbite and for access to facts (accurate or not) #tweetdebate
4,+1 Obama for being clear about dealing with Russia #tweetdebate
4,mccain +1 for pronouncing the President of Georgia's name - although I have no idea if he said it correctly #tweetdebate
4,+3 McCain for knowing obscure Ukrainian places and people #tweetdebate
4,love the Tom Clancy suggestion!!  :-P  #tweetdebate
4,using the rating say (1-5) is interesting too  TheDailyDG: Obama +2 for bringing up Spain fiasco #tweetdebate
4,Obama +1 for alternative energy! #tweetdebate
4,"+2 good comeback Obama, foresight and plan could have prevented Georgian invasion #tweetdebate #debate08"
4,#tweetdebate McCain's doing quite well on the Georgia issue. Obama's response is decisive & knowledgeable. They both sound presidential.
4,@dalbee agreed. +1 for obama. #tweetdebate
4,@current #current My inner hippie is coming out. I'm glad we're getting to alternative energy now.
4,Obama +1 ok again with energy indep. #tweetdebate
4,I'll give +2 to McCain for bringing up TORTURE and not calling it harsh interrogation tactics #tweetdebate #cu09
4,Obama +2 For port security #tweetdebate
4,"Obama is a great face for our country, and that is exactly what we need right now in a globalized world. #current"
4,#current Nice block and bridge Sen. Obama
4,Obama won this from the handshake #current
4,Obamba kicked ass-especially with Afghanistan #current
4,+1pt for Obama wanting to restore our image to the world. #tweetdebate
4,McCain has the smile of success on his face. #current #debate08
4,RTbmaleszyk   Obama +2 for understanding how energy independence relates to our foreign policy in Russia #tweetdebate #current
4,"#current ""Restore America's Standing in the World"" now I buy that! Go Obama."
4,yes. thank you obama. we need to restore our standing in the world. #current #mccainshot #obamashot
4,#debate08 #current The world likes Obama therefore we should vote for him.
4,"Good point, we really need to fix our perception in the word. #current"
4,#current Obama's job was to appear Presidential and measured. Anyone want to challenge that he succeeded?
4,+5 obama restoring view of US around the world  #tweetdebate
4,+3 Obama for bringing up the need to restore our image in the world #tweetdebate
4,#current Obama demanded the debate (good decision) but seems to have been more prepped for economy than foreign affairs
4,"""shining beacon"" , nice quote! #current"
4,#tweetdebate McCain showing his experience quoting Ronald Regan
4,I would even agree that mccain was a better debater than I thought he would be.  McCain held his own #current
4,Hack the debate rocks!  Thanks for giving us a fun way to participate. #current
4,Obama has this in the bag #current
4,#current Get 'em Obama! =]
4,"Obama has won this, absolutely #current"
4,Obama is teh WINNER #current
4,#current Obama's right. China is involved in Asia.
4,"Interesting debate, but I'm really looking forward to the VP debate more. #current"
4,#current I think McCain's going to see a bit of a bump from his performance.
4,INDEPENDENTS FOR OBAMA! #current
4,"@BarackObama, good job bringing this back to domestic economy issues, it's your strong point. #current"
4,obama +3 the conspicuousness of their presence is only matched by our absence #tweetdebate
4,Obama won. Gentlemen it's time to put your old pens down. #current
4,"#current ""...conspicuousness of their presence only matched by our absence..."" Nice."
4,"@gloreebe88 Haha, YES to Michael Palin! Vote funny! #current"
4,+3 Obama for bringing up the Vet's medical needs #tweetdebate
4,"side note - Obama just more ""Presidential"" to me I don't see where his lack of experience comes to play - more coh & prep #tweetdebate"
4,"#current VETS for Obama, yes!"
4,Excellent point by Obama about strength on the homefront being essential to success on the warfront. #current
4,Nice finish for Obama #current
4,I feel like Obama is back on track!#current
4,"obama - ""all chips in..."" - nice poker reference! +1 for obama #current"
4,a broader strategic vision. i think thats a good point. #current
4,Obama wins!  #current
4,"#current McPain: there are some advantages to experience, knowledge and judgment. I have that and Obama doesn't."
4,#current Obama has better ideas  #current
4,I'll stick with Obama's intelligence thank you #current
4,"Obama is right, need more funding for science and technology. I think he win for me across the board #current #debate08"
4,Brilliant statement on a stable economy being a national security issue by Obama. #current
4,"#current Obama definitely has better speaking presence, which might go a long way. Appearance often trumps, in politics"
4,Wow! Obama was powerful there! #current
4,"McCain: compares Obama to Bush as both ""stubborn""  #current"
4,obama smells the blood - going for the kill #current
4,"#current McPain: taking care of veterans will be my job. I have ability, knowledge, background to keep country safe/secure."
4,Obama +1 for bringing up the war spending and healthcare. #tweetdebate
4,+5 obama just put mccain to shame talking about non-Iraq issues and veteran care   #tweetdebate
4,I pre-emptively call this debate for Obama. Obama won. #current
4,Heartstrings pulled! McCain is good... #current
4,obama just slam dunked #current
4,"Let me be clear, McCain has clearly won. #current"
4,"McCain - reform, prosperity and peace.  Very good closing points, put Obama on defense w/ experience, judgmt #current #tweetdebate #debate08"
4,Obama talks about father... and name. Needed to do that! #current
4,#current #debate08 Obama is being very eloquent and making good points about how the world sees us.
4,i agree with obama #current #debate08
4,I really like how Obama's ending this... we really do need to earn the respect of the world again. #current
4,McCain victory #debate08 #current
4,Awsome debate! #current #obamashot #mccainshot
4,I think Obama won #current
4,#current Obama wins on the economy
4,@BarackObama GOOD JOB!#current
4,"#current #debate08 IMO, Obama wins."
4,"#current #debate08 good job, jim!"
4,Obama is the winner of the debate #current
4,Wow! That was a hell of a good time! What a debate! Good job Obama! #current
4,#current all you pro-Obama-ites: REGISTER TO VOTE VERY SOON!!!
4,OBAMA WON!!  #current
4,Obama +3 for convincingly explaining the need for America to earn back respect around the world #tweetdebate
4,The debte ends and Barry calls good job John....indeed #current #debate08
4,Now I can go to bed in peace #current
4,lucky mccain for getting the last word...the most convincing/presidential thing he has said this debate #current
4,"McCain: ""I know how to heal the wounds of war""  Best line of the night. #debate #current"
4,"good debate, based solely on the points raised,i think Obama made it. #current"
4,Obama wins. #Current #debate08 #tweetdebate
4,Go McCain! You rock! #current #debate08
4,OBAMA! #current
4,Obama wins. #current
4,#current Obama won.
4,@BarackObama Good Job. #current!
4,"that was RAD.  Nice job Current TV, nice job Twitter... nice job pundits!  #current #debate08"
4,Awesome First Debate! #tweetdebate   Good job Obama!  The US should be the first nation to have 2 presidents at the same time
4,"I'm very much looking forward to Obama's inauguration. It will be a great day for America. We've been through a long, dark tunnel. #current"
4,"Thanks you guys, everyone rocked. Join us next time for the VP debates on Oct. 2nd #current"
4,Thay came in with game tonight #current
4,Yay! for non-dibating stuff :) #current
4,Obama wins!!! #tweetdebate
4,Gloria Borger.. Obama held his own on defense issues with McCain #current #debate08
4,McCain WINS!!!! #debate08
4,McCain just won this debate! Hands down! #comment  #debate08 #debate
4,<insert my personal canidate> won the debate tonight. #current
4,"Good debate. Job well done to both candidates! #current, #debate08, #tweetdebate"
4,Obama looked more presidential +2 #tweetdebate
4,"#debate08 The first debate can be summed up very easily ""Senator McCain is right!"""
4,I rock with Obama. #current
4,Obama did a good job of relating the issues together instead of just focusing on one thing at a time #debate08
4,#current not sure who 'won' but Obama obviously came off as the more personable of the two. Still voting Obama :)
4,"All in all- good debate! Candidates were fairly intelligent and mostly respectful. Didn't change my opinion, but glad I watched. #current"
4,The real winner tonight was Jim Lehrer.  You can't say PBS people don't have balls. #debate08
4,"Based on this, either candidate should be good. Impressed by both candidates. #debate08"
4,"#current quite a civilised debate,didn't really expect that- both did quite well (im dutch, i wont have to vote) in making their points"
4,Gergen:  McCain clearly has superior FP understanding... #current #debate08
4,#debate08 #current  Fred Barnes -  It was a tie but McCain finished strongly.
4,@thePuck I am enjoying your editorial comments re: the debate. :D
4,Obama held is own on foreign policy (gergen) #current #debate08
4,"""Lehrer reall is a great moderator #current"""
4,Obama passed the test. #tweetdebate #current
4,I enjoyed that debate. thought it was smartly and hotly battled. personally it solidified my support for obama. #Debate08
4,@BarackObama You did AWESOME!!!!!!!!!
4,"But overall - McCain was GREAT - very impressed, maybe I had low expectations but great lines & responses #debate08 #current"
4,"For me, Obama won.  But then again, Obama was my choice in the primaries. #current #debate08"
4,"I second that, @moritazul. Obama for me, #debate08"
4,"#current if this Twitter audience is voting, it seems that Obama will win."
4,"CBSnews Nielsen ""undecideds"" - majority said Obama won this debate #debate08"
4,@BarackObama  You did AWESOME!!!!!!!!!  #debate08
4,"""I agree with Sen. McCain"" should be the line of the night #debate08 #current"
4,Yep. Still voting for Obama/Biden. #current
4,"BINGO Obama just showed this country what diplomacy looks like, it's been a long time. ITA - we are used to short snide remarks #debate08"
4,McCain definitely won. #current #debate08
4,"Oh, how I cannot wait to watch the VP debate coming soon - that should be a fun night...#current"
4,#debate08 #current Juan Williams - Obama on the offensive.  Obama wins on economics and McCain on foreign policy.
4,"McCain looked the most presidential, that's for sure.  #debate08"
4,@current Good job with the debate! It was interesting to see what everyone was saying. #current
4,"#debate08 So whiie I feel that Obama could have fought back against the McC lies more, but overall I truly believe that Obama won tonight."
4,#debate08 @pamelalyn -- very cogent point.
4,THREE CHEERS FOR TWITTER! STAYING ALIVE DURING THE DEBATE! #debate08 #tweetdebate #current
4,I think McCain was very strong and won this debate #debate08
4,"#current wow-ABC is doing a ""fact check"" of the debate. Great idea. They should post all their lookups online."
4,#debate08 I think the thing that most came out of this is that Obama looked more presidential
4,so much fun watching debate on #Current with tweets.  loved it!
4,Go Obama! I think he's doing well so far. #debate08
4,@msblog that was pretty awesme #debate08
4,"WOW - McCain already has an ""I agree with Sen. McCain"" ad!  SWEET http://tinyurl.com/43n74w #debate08 #current"
4,@NewsHour Jim did great! #debate08
4,"@BarbaraKB yeah @current is doing some awesome things mashing up tv with social media, really wish we had them."
4,@davidweiner Obama was the gent.
4,Great to see so many people engaged in the debates and election; regardless of party affiliation or candidate of choice.  #current
4,"I think saying, ""John is correct about..."" along with ""John, that's just not true."" worked.  Obama seemed like the one in charge. #current"
4,"#debate08 @JohnMcCain has 954 Twitter Followers. @BarackObama has 86,312. Looks like @BarackObama won Twitter by a landslide."
4,"rt @alexashrugged    [Argh - ZT] WOW - McCain already has an ""I agree with Sen. McCain"" ad! SWEET http://tinyurl.com/43n74w #current"
4,"McCain nailed it in a few spots, but overall, Obama handled himself far better than McCain. #debate08"
4,"@alexashrugged  WOW - McCain already has an ""I agree with Sen. McCain"" ad! SWEET http://tinyurl.com/43n74w #debate08 #current"
4,Both held there own.  Interested to see what happens next week.  Uncommitted voters statistics are interesting. #current
4,McCain Debate Central webpage has some good rapid response info on it. http://is.gd/3ciC #debate08 #current
4,I thought Obama laughing at McCain's wilder statements was effective and seemed natural. #current
4,if @fakeobama agreed with me any more i think i'd be able to count on his vote this november #tweetdebate
4,"Nice work everyone on the #tweetdebate. I watched a timeshifted version, so wasn't able to participate real-time."
4,Retweeting @JPmicek -McCain's team is fast! Obama's words frm debate in ad already! http://snurl.com/3vlxx  WOW - that was FAST!#tweetdebate
4,That was a blast #current
4,"@orbitaldiamonds Aw, I love snow. And we do get quite a lot here."
4,@infinitelymeta i was watching twitter's election2008 pg too - enjoyed following the #tweetdebate thread - quite entertaining...
4,"God, I love Joe Biden and his brutal directness, and that huge grin. #current"
4,"watched the debate, Obama did very well #current"
4,I love Twitter.. the new bar on the top is neat- o http://election.twitter.com/#debate08. A trip to read in real time public opinion
4,CNN played Kissinger's response proving McCains answer correct. #debate08
4,the debate was a draw.  I thought Mccain did come out slightly on top because he sounded more educated on the issues. good closing.#debate08
4,@drunnells agreed!
4,@drunnells agreed!  #debate08
4,"@davidweiner Good question.  They both had some good lines, but McCain probably was more colorful."
4,Barack Obama won this debate #tweetdebate
4,#debate08 Great coverage on CNN measuring audience responses in real-time.
4,#debate08 - man Biden is GOOD (MSNBC).
4,#debate08 Biden is on fire on MSNBC. Really nailing it.
4,"#debate08 interesting debate, I thought Obama held his own pretty well for what was considered McCains home turf"
4,Biden is the MAN! #debate08
4,I think McCain won this debate easily #current
4,"@Imarilove Yes, He did. I liked the eye contact. #debate08 #tweetdebate"
4,CNN post debate polling is saying the debate went to Obama with over a 10 point lead #debate08 #current
